id,name,email,phone
1,John Doe,johndoe@example.com,123-456-7890
2,Jane Smith,janesmith@example.com,234-567-8901
3,Michael Johnson,michaelj@example.com,345-678-9012
4,Emily Davis,emilyd@example.com,456-789-0123
5,Robert Brown,robertb@example.com,567-890-1234
6,Linda Wilson,lindaw@example.com,678-901-2345
7,David Miller,davidm@example.com,789-012-3456
8,Susan Martinez,susanm@example.com,890-123-4567
9,James Anderson,jamesa@example.com,901-234-5678
10,Patricia Thomas,patriciat@example.com,012-345-6789
11,William Taylor,williamt@example.com,123-456-7891
12,Barbara Moore,barbaram@example.com,234-567-8902
13,Charles Jackson,charlesj@example.com,345-678-9013
14,Jessica White,jessicaw@example.com,456-789-0124
15,Daniel Harris,danielh@example.com,567-890-1235
16,Nancy Clark,nancyc@example.com,678-901-2346
17,Matthew Lewis,matthewl@example.com,789-012-3457
18,Elizabeth Walker,elizabethw@example.com,890-123-4568
19,Anthony Hall,anthonyh@example.com,901-234-5679
20,Mary Allen,marya@example.com,012-345-6790
21,Christopher Young,christophery@example.com,123-456-7892
22,Kimberly Hernandez,kimberlyh@example.com,234-567-8903
23,Joshua King,joshuak@example.com,345-678-9014
24,Ashley Wright,ashleyw@example.com,456-789-0125
25,Andrew Lopez,andrewl@example.com,567-890-1236
26,Stephanie Scott,stephanies@example.com,678-901-2347
27,Joseph Green,josephg@example.com,789-012-3458
28,Sarah Adams,saraha@example.com,890-123-4569
29,Thomas Baker,thomasb@example.com,901-234-5670
30,Angela Gonzalez,angelag@example.com,012-345-6791
31,Kevin Nelson,kevinn@example.com,123-456-7893
32,Michelle Carter,michellec@example.com,234-567-8904
33,Brian Mitchell,brianm@example.com,345-678-9015
34,Laura Perez,laurap@example.com,456-789-0126
35,Eric Roberts,ericr@example.com,567-890-1237
36,Amanda Campbell,amandac@example.com,678-901-2348
37,Mark Rodriguez,markr@example.com,789-012-3459
38,Rebecca Evans,rebeccae@example.com,890-123-4570
39,Steven Edwards,stevene@example.com,901-234-5671
40,Melissa Collins,melissac@example.com,012-345-6792
50,SAMADI IMAD,imadSamadi@example.com,212684738968
60,SAMADI IMAD,imadSamadi@example.com,212684738968
